{
    "accuracy": 0.8372844827586207,
    "precision": 0.9069148936170213,
    "recall": 0.8746081504702194,
    "auc": 0.8870027029144962
}